,sequence,intensity
0,RQIKIWFQNRRMKWKK2KRVKAGYLLGKINLKALAALAKKIL3GRPRESGKKRKRKRLKP,6.233553289
1,RQIKIWFQNRRMKWKK2KRVKAGYLLGKINLKALAALAKKIL3KKYRGRKRHPR,4.726654669
2,RQIKIWFQNRRMKWKK2KRVKAGYLLGKINLKALAALAKKIL3GRKAARAPGRRKQ,4.385522895
3,RQIKIWFQNRRMKWKK2KRVKAGYLLGKINLKALAALAKKIL3RRRRRRRRRRRR,10.01759648
4,RQIKIWFQNRRMKWKK2KRVKAGYLLGKINLKALAALAKKIL3CRRRRRRRRRRRRC,10.53469306
5,RQIKIWFQNRRMKWKK2KRVKAGYLLGKINLKALAALAKKIL3CRRRRRRCRRRRRR,6.123375325
6,RQIKIWFQNRRMKWKK2KRVKAGYLLGKINLKALAALAKKIL3RRRRRRCRRRRRRC,7.467106579
7,RQIKIWFQNRRMKWKK2KRVKAGYLLGKINLKALAALAKKIL3CRRRRRRCRRRRRRC,9.016396721
8,RQIKIWFQNRRMKWKK2KRVKAGYLLGKINLKALAALAKKIL3CRRRRRRCCRRRRRRC,12.47930414
9,RQIKIWFQNRRMKWKK2KRVKAGYLLGKINLKALAALAKKIL3RXRRBRRXRRBR,9.390521896
10,RQIKIWFQNRRMKWKK2KRVKAGYLLGKINLKALAALAKKIL3CRXRRBRRXRRBRC,0.4485102979
11,RQIKIWFQNRRMKWKK2KRVKAGYLLGKINLKALAALAKKIL3RXRRBRCRXRRBRC,10.82083583
12,RQIKIWFQNRRMKWKK2KRVKAGYLLGKINLKALAALAKKIL3RQIKIWFQNRRMKWKK,5.876424715
13,RQIKIWFQNRRMKWKK2KRVKAGYLLGKINLKALAALAKKIL3CQIKIWFCNKRAKIKK,2.99240152
14,RQIKIWFQNRRMKWKK2KRVKAGYLLGKINLKALAALAKKIL3SQIKIWFQCKRAKIKC,1.624875025
15,RQIKIWFQNRRMKWKK2KRVKAGYLLGKINLKALAALAKKIL3CSQIKIWFQNKRAKIKKC,3.479304139
16,RQIKIWFQNRRMKWKK2KRVKAGYLLGKINLKALAALAKKIL3LLIILRRRIRKQAHAHSK,3.160167966
17,RQIKIWFQNRRMKWKK2KRVKAGYLLGKINLKALAALAKKIL3LLIILRRRIRKQAHAHSKRXRRBRRXRRBR,14.76684663
18,RQIKIWFQNRRMKWKK2KRVKAGYLLGKINLKALAALAKKIL3CRLRWRC,6.318136373
19,RQIKIWFQNRRMKWKK2KRVKAGYLLGKINLKALAALAKKIL3IWIAQELRRIGDEFNAYYARR,1.460707858
20,RQIKIWFQNRRMKWKK2KRVKAGYLLGKINLKALAALAKKIL3RRIRPRPPRLPRPRPRPLPFPRPG,7.857228554
21,RQIKIWFQNRRMKWKK2KRVKAGYLLGKINLKALAALAKKIL3TRSSRAGLQWPVGRVHRLLRK,7.481303739
22,RQIKIWFQNRRMKWKK2KRVKAGYLLGKINLKALAALAKKIL3RGGRLSYSRRRFSTSTGR,4.596880624
23,RQIKIWFQNRRMKWKK2KRVKAGYLLGKINLKALAALAKKIL3ALWKTLLKKVLKAPKKKRKV,2.457508498
24,RQIKIWFQNRRMKWKK2KRVKAGYLLGKINLKALAALAKKIL3KLIKGRTPIKFGKADCDRPPKHSQNGMGK,1.99260148
25,RQIKIWFQNRRMKWKK2KRVKAGYLLGKINLKALAALAKKIL3PLSSIFSRIGDP,0.8214357129
26,RQIKIWFQNRRMKWKK2KRVKAGYLLGKINLKALAALAKKIL3KLALKALKALKAALKLA,2.404719056
27,RQIKIWFQNRRMKWKK2KRVKAGYLLGKINLKALAALAKKIL3RRWWRRWRR,8.824635073
28,RQIKIWFQNRRMKWKK2KRVKAGYLLGKINLKALAALAKKIL3LKTLTETLKELTKTLTEL,2.053189362
29,RQIKIWFQNRRMKWKK2KRVKAGYLLGKINLKALAALAKKIL3VRLPPPVRLPPPVRLPPP,0.5560887822
30,RQIKIWFQNRRMKWKK2KRVKAGYLLGKINLKALAALAKKIL3FKIYDKKVRTRVVKH,0.4553089382
31,RQIKIWFQNRRMKWKK2KRVKAGYLLGKINLKALAALAKKIL3KGTYKKKLMRIPLKGT,5.075784843
32,RQIKIWFQNRRMKWKK2KRVKAGYLLGKINLKALAALAKKIL3LYKKGPAKKGRPPLRGWFH,6.585282943
33,RQIKIWFQNRRMKWKK2KRVKAGYLLGKINLKALAALAKKIL3IAWVKAFIRKLRKGPLG,2.037992402
34,RQIKIWFQNRRMKWKK2KRVKAGYLLGKINLKALAALAKKIL3GSPWGLQHHPPRT,1.543091382
35,RQIKIWFQNRRMKWKK2KRVKAGYLLGKINLKALAALAKKIL3RQVTIWSQNRRVKSKK,3.872025595
36,RQIKIWFQNRRMKWKK2KRVKAGYLLGKINLKALAALAKKIL3VSALK,0.6284743051
37,RQIKIWFQNRRMKWKK2KRVKAGYLLGKINLKALAALAKKIL3PPRPPRPPR,2.515296941
38,RQIKIWFQNRRMKWKK2KRVKAGYLLGKINLKALAALAKKIL3PPRPPRPPRPPR,2.595880824
39,RQIKIWFQNRRMKWKK2KRVKAGYLLGKINLKALAALAKKIL3RLRWR,4.603479304
40,RQIKIWFQNRRMKWKK2KRVKAGYLLGKINLKALAALAKKIL3GAYDLRRRERQSRLRRRERQSR,3.317736453
41,RQIKIWFQNRRMKWKK2KRVKAGYLLGKINLKALAALAKKIL3RKKRRQRRR,6.059188162
42,RQIKIWFQNRRMKWKK2KRVKAGYLLGKINLKALAALAKKIL3RRRRRRRRR,5.406918616
43,RQIKIWFQNRRMKWKK2KRVKAGYLLGKINLKALAALAKKIL3RSVTIWFQSRRVKEKK,1.298340332
44,RQIKIWFQNRRMKWKK2KRVKAGYLLGKINLKALAALAKKIL3KRVKAGYLLGKINLKALAALAKKIL,2.417916417
45,RQIKIWFQNRRMKWKK2KRVKAGYLLGKINLKALAALAKKIL3AGYLLGKINLKALAALAKKILKRVK,3.162767447
46,RQIKIWFQNRRMKWKK2KRVKAGYLLGKINLKALAALAKKIL3PKKKRKVAGYLLGKINLKALAALAKKIL,4.437912418
47,RQIKIWFQNRRMKWKK2PKKKRKVAGYLLGKINLKALAALAKKIL3GRPRESGKKRKRKRLKP,5.679264147
48,RQIKIWFQNRRMKWKK2PKKKRKVAGYLLGKINLKALAALAKKIL3KKYRGRKRHPR,6.404919016
49,RQIKIWFQNRRMKWKK2PKKKRKVAGYLLGKINLKALAALAKKIL3GRKAARAPGRRKQ,9.470705859
50,RQIKIWFQNRRMKWKK2PKKKRKVAGYLLGKINLKALAALAKKIL3RRRRRRRRRRRR,5.471305739
51,RQIKIWFQNRRMKWKK2PKKKRKVAGYLLGKINLKALAALAKKIL3CRRRRRRRRRRRRC,10.40631874
52,RQIKIWFQNRRMKWKK2PKKKRKVAGYLLGKINLKALAALAKKIL3CRRRRRRCRRRRRR,2.630473905
53,RQIKIWFQNRRMKWKK2PKKKRKVAGYLLGKINLKALAALAKKIL3RRRRRRCRRRRRRC,8.457508498
54,RQIKIWFQNRRMKWKK2PKKKRKVAGYLLGKINLKALAALAKKIL3CRRRRRRCRRRRRRC,10.37212557
55,RQIKIWFQNRRMKWKK2PKKKRKVAGYLLGKINLKALAALAKKIL3CRRRRRRCCRRRRRRC,14.21015797
56,RQIKIWFQNRRMKWKK2PKKKRKVAGYLLGKINLKALAALAKKIL3RXRRBRRXRRBR,10.83523295
57,RQIKIWFQNRRMKWKK2PKKKRKVAGYLLGKINLKALAALAKKIL3CRXRRBRRXRRBRC,11.89742052
58,RQIKIWFQNRRMKWKK2PKKKRKVAGYLLGKINLKALAALAKKIL3RXRRBRCRXRRBRC,11.18676265
59,RQIKIWFQNRRMKWKK2PKKKRKVAGYLLGKINLKALAALAKKIL3RQIKIWFQNRRMKWKK,6.576484703
60,RQIKIWFQNRRMKWKK2PKKKRKVAGYLLGKINLKALAALAKKIL3CQIKIWFCNKRAKIKK,4.942611478
61,RQIKIWFQNRRMKWKK2PKKKRKVAGYLLGKINLKALAALAKKIL3SQIKIWFQCKRAKIKC,3.0059988
62,RQIKIWFQNRRMKWKK2PKKKRKVAGYLLGKINLKALAALAKKIL3CSQIKIWFQNKRAKIKKC,3.737252549
63,RQIKIWFQNRRMKWKK2PKKKRKVAGYLLGKINLKALAALAKKIL3LLIILRRRIRKQAHAHSK,7.816636673
64,RQIKIWFQNRRMKWKK2PKKKRKVAGYLLGKINLKALAALAKKIL3LLIILRRRIRKQAHAHSKRXRRBRRXRRBR,15.75124975
65,RQIKIWFQNRRMKWKK2PKKKRKVAGYLLGKINLKALAALAKKIL3CRLRWRC,4.107778444
66,RQIKIWFQNRRMKWKK2PKKKRKVAGYLLGKINLKALAALAKKIL3IWIAQELRRIGDEFNAYYARR,3.859628074
67,RQIKIWFQNRRMKWKK2PKKKRKVAGYLLGKINLKALAALAKKIL3RRIRPRPPRLPRPRPRPLPFPRPG,7.423515297
68,RQIKIWFQNRRMKWKK2PKKKRKVAGYLLGKINLKALAALAKKIL3TRSSRAGLQWPVGRVHRLLRK,14.51269746
69,RQIKIWFQNRRMKWKK2PKKKRKVAGYLLGKINLKALAALAKKIL3RGGRLSYSRRRFSTSTGR,5.809638072
70,RQIKIWFQNRRMKWKK2PKKKRKVAGYLLGKINLKALAALAKKIL3ALWKTLLKKVLKAPKKKRKV,2.170165967
71,RQIKIWFQNRRMKWKK2PKKKRKVAGYLLGKINLKALAALAKKIL3KLIKGRTPIKFGKADCDRPPKHSQNGMGK,3.138372326
72,RQIKIWFQNRRMKWKK2PKKKRKVAGYLLGKINLKALAALAKKIL3PLSSIFSRIGDP,2.49230154
73,RQIKIWFQNRRMKWKK2PKKKRKVAGYLLGKINLKALAALAKKIL3KLALKALKALKAALKLA,3.043191362
74,RQIKIWFQNRRMKWKK2PKKKRKVAGYLLGKINLKALAALAKKIL3RRWWRRWRR,7.371125775
75,RQIKIWFQNRRMKWKK2PKKKRKVAGYLLGKINLKALAALAKKIL3LKTLTETLKELTKTLTEL,5.032593481
76,RQIKIWFQNRRMKWKK2PKKKRKVAGYLLGKINLKALAALAKKIL3VRLPPPVRLPPPVRLPPP,3.216556689
77,RQIKIWFQNRRMKWKK2PKKKRKVAGYLLGKINLKALAALAKKIL3FKIYDKKVRTRVVKH,2.141771646
78,RQIKIWFQNRRMKWKK2PKKKRKVAGYLLGKINLKALAALAKKIL3KGTYKKKLMRIPLKGT,8.357128574
79,RQIKIWFQNRRMKWKK2PKKKRKVAGYLLGKINLKALAALAKKIL3LYKKGPAKKGRPPLRGWFH,7.117976405
80,RQIKIWFQNRRMKWKK2PKKKRKVAGYLLGKINLKALAALAKKIL3IAWVKAFIRKLRKGPLG,2.872425515
81,RQIKIWFQNRRMKWKK2PKKKRKVAGYLLGKINLKALAALAKKIL3GSPWGLQHHPPRT,2.964207159
82,RQIKIWFQNRRMKWKK2PKKKRKVAGYLLGKINLKALAALAKKIL3RQVTIWSQNRRVKSKK,4.75644871
83,RQIKIWFQNRRMKWKK2PKKKRKVAGYLLGKINLKALAALAKKIL3VSALK,2.430913817
84,RQIKIWFQNRRMKWKK2PKKKRKVAGYLLGKINLKALAALAKKIL3PPRPPRPPR,4.559488102
85,RQIKIWFQNRRMKWKK2PKKKRKVAGYLLGKINLKALAALAKKIL3PPRPPRPPRPPR,6.00779844
86,RQIKIWFQNRRMKWKK2PKKKRKVAGYLLGKINLKALAALAKKIL3RLRWR,6.925214957
87,RQIKIWFQNRRMKWKK2PKKKRKVAGYLLGKINLKALAALAKKIL3GAYDLRRRERQSRLRRRERQSR,3.617476505
88,RQIKIWFQNRRMKWKK2PKKKRKVAGYLLGKINLKALAALAKKIL3RKKRRQRRR,4.25354929
89,RQIKIWFQNRRMKWKK2PKKKRKVAGYLLGKINLKALAALAKKIL3RRRRRRRRR,3.808038392
90,RQIKIWFQNRRMKWKK2PKKKRKVAGYLLGKINLKALAALAKKIL3RSVTIWFQSRRVKEKK,2.194561088
91,RQIKIWFQNRRMKWKK2PKKKRKVAGYLLGKINLKALAALAKKIL3KRVKAGYLLGKINLKALAALAKKIL,4.053589282
92,RQIKIWFQNRRMKWKK2PKKKRKVAGYLLGKINLKALAALAKKIL3AGYLLGKINLKALAALAKKILKRVK,3.413317337
93,RQIKIWFQNRRMKWKK2PKKKRKVAGYLLGKINLKALAALAKKIL3PKKKRKVAGYLLGKINLKALAALAKKIL,3.682663467
94,RQIKIWFQNRRMKWKK2SDGTLAVPFKA3GRPRESGKKRKRKRLKP,3.25414917
95,RQIKIWFQNRRMKWKK2SDGTLAVPFKA3KKYRGRKRHPR,2.364927015
96,RQIKIWFQNRRMKWKK2SDGTLAVPFKA3GRKAARAPGRRKQ,3.065186963
97,RQIKIWFQNRRMKWKK2SDGTLAVPFKA3RRRRRRRRRRRR,5.461907618
98,RQIKIWFQNRRMKWKK2SDGTLAVPFKA3CRRRRRRRRRRRRC,3.452109578
99,RQIKIWFQNRRMKWKK2SDGTLAVPFKA3CRRRRRRCRRRRRR,4.304739052
100,RQIKIWFQNRRMKWKK2SDGTLAVPFKA3RRRRRRCRRRRRRC,2.764847031
101,RQIKIWFQNRRMKWKK2SDGTLAVPFKA3CRRRRRRCRRRRRRC,2.028394321
102,RQIKIWFQNRRMKWKK2SDGTLAVPFKA3CRRRRRRCCRRRRRRC,2.973605279
103,RQIKIWFQNRRMKWKK2SDGTLAVPFKA3RXRRBRRXRRBR,5.814637073
104,RQIKIWFQNRRMKWKK2SDGTLAVPFKA3CRXRRBRRXRRBRC,10.33793241
105,RQIKIWFQNRRMKWKK2SDGTLAVPFKA3RXRRBRCRXRRBRC,8.576884623
106,RQIKIWFQNRRMKWKK2SDGTLAVPFKA3RQIKIWFQNRRMKWKK,3.719256149
107,RQIKIWFQNRRMKWKK2SDGTLAVPFKA3CQIKIWFCNKRAKIKK,2.370525895
108,RQIKIWFQNRRMKWKK2SDGTLAVPFKA3SQIKIWFQCKRAKIKC,1.415116977
109,RQIKIWFQNRRMKWKK2SDGTLAVPFKA3CSQIKIWFQNKRAKIKKC,1.4955009
110,RQIKIWFQNRRMKWKK2SDGTLAVPFKA3LLIILRRRIRKQAHAHSK,1.958408318
111,RQIKIWFQNRRMKWKK2SDGTLAVPFKA3LLIILRRRIRKQAHAHSKRXRRBRRXRRBR,5.411517696
112,RQIKIWFQNRRMKWKK2SDGTLAVPFKA3CRLRWRC,1.449710058
113,RQIKIWFQNRRMKWKK2SDGTLAVPFKA3IWIAQELRRIGDEFNAYYARR,1.164967007
114,RQIKIWFQNRRMKWKK2SDGTLAVPFKA3RRIRPRPPRLPRPRPRPLPFPRPG,5.663267347
115,RQIKIWFQNRRMKWKK2SDGTLAVPFKA3TRSSRAGLQWPVGRVHRLLRK,2.620075985
116,RQIKIWFQNRRMKWKK2SDGTLAVPFKA3RGGRLSYSRRRFSTSTGR,2.193561288
117,RQIKIWFQNRRMKWKK2SDGTLAVPFKA3ALWKTLLKKVLKAPKKKRKV,2.631273745
118,RQIKIWFQNRRMKWKK2SDGTLAVPFKA3KLIKGRTPIKFGKADCDRPPKHSQNGMGK,1.436312737
119,RQIKIWFQNRRMKWKK2SDGTLAVPFKA3PLSSIFSRIGDP,0.848830234
120,RQIKIWFQNRRMKWKK2SDGTLAVPFKA3KLALKALKALKAALKLA,3.986202759
121,RQIKIWFQNRRMKWKK2SDGTLAVPFKA3RRWWRRWRR,3.197560488
122,RQIKIWFQNRRMKWKK2SDGTLAVPFKA3LKTLTETLKELTKTLTEL,1.175364927
123,RQIKIWFQNRRMKWKK2SDGTLAVPFKA3VRLPPPVRLPPPVRLPPP,1.598080384
124,RQIKIWFQNRRMKWKK2SDGTLAVPFKA3FKIYDKKVRTRVVKH,1.206558688
125,RQIKIWFQNRRMKWKK2SDGTLAVPFKA3KGTYKKKLMRIPLKGT,5.151769646
126,RQIKIWFQNRRMKWKK2SDGTLAVPFKA3LYKKGPAKKGRPPLRGWFH,2.180563887
127,RQIKIWFQNRRMKWKK2SDGTLAVPFKA3IAWVKAFIRKLRKGPLG,1.534093181
128,RQIKIWFQNRRMKWKK2SDGTLAVPFKA3GSPWGLQHHPPRT,2.785042991
129,RQIKIWFQNRRMKWKK2SDGTLAVPFKA3RQVTIWSQNRRVKSKK,1.958808238
130,RQIKIWFQNRRMKWKK2SDGTLAVPFKA3VSALK,1.108578284
131,RQIKIWFQNRRMKWKK2SDGTLAVPFKA3PPRPPRPPR,1.51009798
132,RQIKIWFQNRRMKWKK2SDGTLAVPFKA3PPRPPRPPRPPR,1.595480904
133,RQIKIWFQNRRMKWKK2SDGTLAVPFKA3RLRWR,1.851029794
134,RQIKIWFQNRRMKWKK2SDGTLAVPFKA3GAYDLRRRERQSRLRRRERQSR,1.782443511
135,RQIKIWFQNRRMKWKK2SDGTLAVPFKA3RKKRRQRRR,4.267546491
136,RQIKIWFQNRRMKWKK2SDGTLAVPFKA3RRRRRRRRR,3.797040592
137,RQIKIWFQNRRMKWKK2SDGTLAVPFKA3RSVTIWFQSRRVKEKK,1.365326935
138,RQIKIWFQNRRMKWKK2SDGTLAVPFKA3KRVKAGYLLGKINLKALAALAKKIL,1.546090782
139,RQIKIWFQNRRMKWKK2SDGTLAVPFKA3AGYLLGKINLKALAALAKKILKRVK,2.424515097
140,RQIKIWFQNRRMKWKK2SDGTLAVPFKA3PKKKRKVAGYLLGKINLKALAALAKKIL,2.645470906
141,LLIILRRRIRKQAHAHSK2KRVKAGYLLGKINLKALAALAKKIL3GRPRESGKKRKRKRLKP,0.8200359928
142,LLIILRRRIRKQAHAHSK2KRVKAGYLLGKINLKALAALAKKIL3KKYRGRKRHPR,0.9038192362
143,LLIILRRRIRKQAHAHSK2KRVKAGYLLGKINLKALAALAKKIL3GRKAARAPGRRKQ,1.027794441
144,LLIILRRRIRKQAHAHSK2KRVKAGYLLGKINLKALAALAKKIL3RRRRRRRRRRRR,0.8034393121
145,LLIILRRRIRKQAHAHSK2KRVKAGYLLGKINLKALAALAKKIL3CRRRRRRRRRRRRC,0.8328334333
146,LLIILRRRIRKQAHAHSK2KRVKAGYLLGKINLKALAALAKKIL3CRRRRRRCRRRRRR,0.7114577085
147,LLIILRRRIRKQAHAHSK2KRVKAGYLLGKINLKALAALAKKIL3RRRRRRCRRRRRRC,0.6892621476
148,LLIILRRRIRKQAHAHSK2KRVKAGYLLGKINLKALAALAKKIL3CRRRRRRCRRRRRRC,0.4845030994
149,LLIILRRRIRKQAHAHSK2KRVKAGYLLGKINLKALAALAKKIL3CRRRRRRCCRRRRRRC,1.129974005
150,LLIILRRRIRKQAHAHSK2KRVKAGYLLGKINLKALAALAKKIL3RXRRBRRXRRBR,1.187162567
151,LLIILRRRIRKQAHAHSK2KRVKAGYLLGKINLKALAALAKKIL3CRXRRBRRXRRBRC,1.094381124
152,LLIILRRRIRKQAHAHSK2KRVKAGYLLGKINLKALAALAKKIL3RXRRBRCRXRRBRC,1.167766447
153,LLIILRRRIRKQAHAHSK2KRVKAGYLLGKINLKALAALAKKIL3RQIKIWFQNRRMKWKK,0.7036592681
154,LLIILRRRIRKQAHAHSK2KRVKAGYLLGKINLKALAALAKKIL3CQIKIWFCNKRAKIKK,0.649870026
155,LLIILRRRIRKQAHAHSK2KRVKAGYLLGKINLKALAALAKKIL3SQIKIWFQCKRAKIKC,0.9448110378
156,LLIILRRRIRKQAHAHSK2KRVKAGYLLGKINLKALAALAKKIL3CSQIKIWFQNKRAKIKKC,0.6608678264
157,LLIILRRRIRKQAHAHSK2KRVKAGYLLGKINLKALAALAKKIL3LLIILRRRIRKQAHAHSK,0.9966006799
158,LLIILRRRIRKQAHAHSK2KRVKAGYLLGKINLKALAALAKKIL3LLIILRRRIRKQAHAHSKRXRRBRRXRRBR,2.543491302
159,LLIILRRRIRKQAHAHSK2KRVKAGYLLGKINLKALAALAKKIL3CRLRWRC,0.9300139972
160,LLIILRRRIRKQAHAHSK2KRVKAGYLLGKINLKALAALAKKIL3IWIAQELRRIGDEFNAYYARR,0.7222555489
161,LLIILRRRIRKQAHAHSK2KRVKAGYLLGKINLKALAALAKKIL3RRIRPRPPRLPRPRPRPLPFPRPG,0.9712057588
162,LLIILRRRIRKQAHAHSK2KRVKAGYLLGKINLKALAALAKKIL3TRSSRAGLQWPVGRVHRLLRK,1.089982004
163,LLIILRRRIRKQAHAHSK2KRVKAGYLLGKINLKALAALAKKIL3RGGRLSYSRRRFSTSTGR,0.8674265147
164,LLIILRRRIRKQAHAHSK2KRVKAGYLLGKINLKALAALAKKIL3ALWKTLLKKVLKAPKKKRKV,0.5616876625
165,LLIILRRRIRKQAHAHSK2KRVKAGYLLGKINLKALAALAKKIL3KLIKGRTPIKFGKADCDRPPKHSQNGMGK,0.5946810638
166,LLIILRRRIRKQAHAHSK2KRVKAGYLLGKINLKALAALAKKIL3PLSSIFSRIGDP,0.7402519496
167,LLIILRRRIRKQAHAHSK2KRVKAGYLLGKINLKALAALAKKIL3KLALKALKALKAALKLA,1.025594881
168,LLIILRRRIRKQAHAHSK2KRVKAGYLLGKINLKALAALAKKIL3RRWWRRWRR,0.5920815837
169,LLIILRRRIRKQAHAHSK2KRVKAGYLLGKINLKALAALAKKIL3LKTLTETLKELTKTLTEL,0.825034993
170,LLIILRRRIRKQAHAHSK2KRVKAGYLLGKINLKALAALAKKIL3VRLPPPVRLPPPVRLPPP,0.3857228554
171,LLIILRRRIRKQAHAHSK2KRVKAGYLLGKINLKALAALAKKIL3FKIYDKKVRTRVVKH,0.3145370926
172,LLIILRRRIRKQAHAHSK2KRVKAGYLLGKINLKALAALAKKIL3KGTYKKKLMRIPLKGT,1.052389522
173,LLIILRRRIRKQAHAHSK2KRVKAGYLLGKINLKALAALAKKIL3LYKKGPAKKGRPPLRGWFH,1.176364727
174,LLIILRRRIRKQAHAHSK2KRVKAGYLLGKINLKALAALAKKIL3IAWVKAFIRKLRKGPLG,0.6612677465
175,LLIILRRRIRKQAHAHSK2KRVKAGYLLGKINLKALAALAKKIL3GSPWGLQHHPPRT,1.082783443
176,LLIILRRRIRKQAHAHSK2KRVKAGYLLGKINLKALAALAKKIL3RQVTIWSQNRRVKSKK,0.3393321336
177,LLIILRRRIRKQAHAHSK2KRVKAGYLLGKINLKALAALAKKIL3VSALK,1.341731654
178,LLIILRRRIRKQAHAHSK2KRVKAGYLLGKINLKALAALAKKIL3PPRPPRPPR,1.094181164
179,LLIILRRRIRKQAHAHSK2KRVKAGYLLGKINLKALAALAKKIL3PPRPPRPPRPPR,0.976204759
180,LLIILRRRIRKQAHAHSK2KRVKAGYLLGKINLKALAALAKKIL3RLRWR,0.798840232
181,LLIILRRRIRKQAHAHSK2KRVKAGYLLGKINLKALAALAKKIL3GAYDLRRRERQSRLRRRERQSR,0.6856628674
182,LLIILRRRIRKQAHAHSK2KRVKAGYLLGKINLKALAALAKKIL3RKKRRQRRR,0.7364527095
183,LLIILRRRIRKQAHAHSK2KRVKAGYLLGKINLKALAALAKKIL3RRRRRRRRR,0.826234753
184,LLIILRRRIRKQAHAHSK2KRVKAGYLLGKINLKALAALAKKIL3RSVTIWFQSRRVKEKK,0.99960008
185,LLIILRRRIRKQAHAHSK2KRVKAGYLLGKINLKALAALAKKIL3KRVKAGYLLGKINLKALAALAKKIL,0.9974005199
186,LLIILRRRIRKQAHAHSK2KRVKAGYLLGKINLKALAALAKKIL3AGYLLGKINLKALAALAKKILKRVK,1.609878024
187,LLIILRRRIRKQAHAHSK2KRVKAGYLLGKINLKALAALAKKIL3PKKKRKVAGYLLGKINLKALAALAKKIL,1.135572885
188,LLIILRRRIRKQAHAHSK2PKKKRKVAGYLLGKINLKALAALAKKIL3GRPRESGKKRKRKRLKP,0.6920615877
189,LLIILRRRIRKQAHAHSK2PKKKRKVAGYLLGKINLKALAALAKKIL3KKYRGRKRHPR,0.7822435513
190,LLIILRRRIRKQAHAHSK2PKKKRKVAGYLLGKINLKALAALAKKIL3GRKAARAPGRRKQ,0.8550289942
191,LLIILRRRIRKQAHAHSK2PKKKRKVAGYLLGKINLKALAALAKKIL3RRRRRRRRRRRR,0.9346130774
192,LLIILRRRIRKQAHAHSK2PKKKRKVAGYLLGKINLKALAALAKKIL3CRRRRRRRRRRRRC,0.675064987
193,LLIILRRRIRKQAHAHSK2PKKKRKVAGYLLGKINLKALAALAKKIL3CRRRRRRCRRRRRR,0.5044991002
194,LLIILRRRIRKQAHAHSK2PKKKRKVAGYLLGKINLKALAALAKKIL3RRRRRRCRRRRRRC,0.7464507099
195,LLIILRRRIRKQAHAHSK2PKKKRKVAGYLLGKINLKALAALAKKIL3CRRRRRRCRRRRRRC,0.675664867
196,LLIILRRRIRKQAHAHSK2PKKKRKVAGYLLGKINLKALAALAKKIL3CRRRRRRCCRRRRRRC,0.7178564287
197,LLIILRRRIRKQAHAHSK2PKKKRKVAGYLLGKINLKALAALAKKIL3RXRRBRRXRRBR,1.037792442
198,LLIILRRRIRKQAHAHSK2PKKKRKVAGYLLGKINLKALAALAKKIL3CRXRRBRRXRRBRC,0.7190561888
199,LLIILRRRIRKQAHAHSK2PKKKRKVAGYLLGKINLKALAALAKKIL3RXRRBRCRXRRBRC,0.8674265147
200,LLIILRRRIRKQAHAHSK2PKKKRKVAGYLLGKINLKALAALAKKIL3RQIKIWFQNRRMKWKK,0.5474905019
201,LLIILRRRIRKQAHAHSK2PKKKRKVAGYLLGKINLKALAALAKKIL3CQIKIWFCNKRAKIKK,0.6034793041
202,LLIILRRRIRKQAHAHSK2PKKKRKVAGYLLGKINLKALAALAKKIL3SQIKIWFQCKRAKIKC,0.9146170766
203,LLIILRRRIRKQAHAHSK2PKKKRKVAGYLLGKINLKALAALAKKIL3CSQIKIWFQNKRAKIKKC,0.5798840232
204,LLIILRRRIRKQAHAHSK2PKKKRKVAGYLLGKINLKALAALAKKIL3LLIILRRRIRKQAHAHSK,0.8642271546
205,LLIILRRRIRKQAHAHSK2PKKKRKVAGYLLGKINLKALAALAKKIL3LLIILRRRIRKQAHAHSKRXRRBRRXRRBR,4.089782044
206,LLIILRRRIRKQAHAHSK2PKKKRKVAGYLLGKINLKALAALAKKIL3CRLRWRC,0.5800839832
207,LLIILRRRIRKQAHAHSK2PKKKRKVAGYLLGKINLKALAALAKKIL3IWIAQELRRIGDEFNAYYARR,0.701059788
208,LLIILRRRIRKQAHAHSK2PKKKRKVAGYLLGKINLKALAALAKKIL3RRIRPRPPRLPRPRPRPLPFPRPG,1.040591882
209,LLIILRRRIRKQAHAHSK2PKKKRKVAGYLLGKINLKALAALAKKIL3TRSSRAGLQWPVGRVHRLLRK,1.035592881
210,LLIILRRRIRKQAHAHSK2PKKKRKVAGYLLGKINLKALAALAKKIL3RGGRLSYSRRRFSTSTGR,0.8874225155
211,LLIILRRRIRKQAHAHSK2PKKKRKVAGYLLGKINLKALAALAKKIL3ALWKTLLKKVLKAPKKKRKV,0.4831033793
212,LLIILRRRIRKQAHAHSK2PKKKRKVAGYLLGKINLKALAALAKKIL3KLIKGRTPIKFGKADCDRPPKHSQNGMGK,0.5942811438
213,LLIILRRRIRKQAHAHSK2PKKKRKVAGYLLGKINLKALAALAKKIL3PLSSIFSRIGDP,0.6086782643
214,LLIILRRRIRKQAHAHSK2PKKKRKVAGYLLGKINLKALAALAKKIL3KLALKALKALKAALKLA,0.6418716257
215,LLIILRRRIRKQAHAHSK2PKKKRKVAGYLLGKINLKALAALAKKIL3RRWWRRWRR,0.5426914617
216,LLIILRRRIRKQAHAHSK2PKKKRKVAGYLLGKINLKALAALAKKIL3LKTLTETLKELTKTLTEL,0.6486702659
217,LLIILRRRIRKQAHAHSK2PKKKRKVAGYLLGKINLKALAALAKKIL3VRLPPPVRLPPPVRLPPP,0.7734453109
218,LLIILRRRIRKQAHAHSK2PKKKRKVAGYLLGKINLKALAALAKKIL3FKIYDKKVRTRVVKH,0.5730853829
219,LLIILRRRIRKQAHAHSK2PKKKRKVAGYLLGKINLKALAALAKKIL3KGTYKKKLMRIPLKGT,0.7410517896
220,LLIILRRRIRKQAHAHSK2PKKKRKVAGYLLGKINLKALAALAKKIL3LYKKGPAKKGRPPLRGWFH,0.7134573085
221,LLIILRRRIRKQAHAHSK2PKKKRKVAGYLLGKINLKALAALAKKIL3IAWVKAFIRKLRKGPLG,0.5860827834
222,LLIILRRRIRKQAHAHSK2PKKKRKVAGYLLGKINLKALAALAKKIL3GSPWGLQHHPPRT,0.6518696261
223,LLIILRRRIRKQAHAHSK2PKKKRKVAGYLLGKINLKALAALAKKIL3RQVTIWSQNRRVKSKK,0.7466506699
224,LLIILRRRIRKQAHAHSK2PKKKRKVAGYLLGKINLKALAALAKKIL3VSALK,0.9190161968
225,LLIILRRRIRKQAHAHSK2PKKKRKVAGYLLGKINLKALAALAKKIL3PPRPPRPPR,0.6150769846
226,LLIILRRRIRKQAHAHSK2PKKKRKVAGYLLGKINLKALAALAKKIL3PPRPPRPPRPPR,1.014997001
227,LLIILRRRIRKQAHAHSK2PKKKRKVAGYLLGKINLKALAALAKKIL3RLRWR,0.8132373525
228,LLIILRRRIRKQAHAHSK2PKKKRKVAGYLLGKINLKALAALAKKIL3GAYDLRRRERQSRLRRRERQSR,0.7424515097
229,LLIILRRRIRKQAHAHSK2PKKKRKVAGYLLGKINLKALAALAKKIL3RKKRRQRRR,0.6638672266
230,LLIILRRRIRKQAHAHSK2PKKKRKVAGYLLGKINLKALAALAKKIL3RRRRRRRRR,0.8292341532
231,LLIILRRRIRKQAHAHSK2PKKKRKVAGYLLGKINLKALAALAKKIL3RSVTIWFQSRRVKEKK,0.7902419516
232,LLIILRRRIRKQAHAHSK2PKKKRKVAGYLLGKINLKALAALAKKIL3KRVKAGYLLGKINLKALAALAKKIL,0.8384323135
233,LLIILRRRIRKQAHAHSK2PKKKRKVAGYLLGKINLKALAALAKKIL3AGYLLGKINLKALAALAKKILKRVK,1.132573485
234,LLIILRRRIRKQAHAHSK2PKKKRKVAGYLLGKINLKALAALAKKIL3PKKKRKVAGYLLGKINLKALAALAKKIL,1.00479904
235,LLIILRRRIRKQAHAHSK2SDGTLAVPFKA3GRPRESGKKRKRKRLKP,0.8712257548
236,LLIILRRRIRKQAHAHSK2SDGTLAVPFKA3KKYRGRKRHPR,0.7068586283
237,LLIILRRRIRKQAHAHSK2SDGTLAVPFKA3GRKAARAPGRRKQ,0.949610078
238,LLIILRRRIRKQAHAHSK2SDGTLAVPFKA3RRRRRRRRRRRR,1.072585483
239,LLIILRRRIRKQAHAHSK2SDGTLAVPFKA3CRRRRRRRRRRRRC,0.6014797041
240,LLIILRRRIRKQAHAHSK2SDGTLAVPFKA3CRRRRRRCRRRRRR,0.5878824235
241,LLIILRRRIRKQAHAHSK2SDGTLAVPFKA3RRRRRRCRRRRRRC,0.4187162567
242,LLIILRRRIRKQAHAHSK2SDGTLAVPFKA3CRRRRRRCRRRRRRC,0.5350929814
243,LLIILRRRIRKQAHAHSK2SDGTLAVPFKA3CRRRRRRCCRRRRRRC,0.7318536293
244,LLIILRRRIRKQAHAHSK2SDGTLAVPFKA3RXRRBRRXRRBR,1.262947411
245,LLIILRRRIRKQAHAHSK2SDGTLAVPFKA3CRXRRBRRXRRBRC,1.067786443
246,LLIILRRRIRKQAHAHSK2SDGTLAVPFKA3RXRRBRCRXRRBRC,0.9850029994
247,LLIILRRRIRKQAHAHSK2SDGTLAVPFKA3RQIKIWFQNRRMKWKK,0.7150569886
248,LLIILRRRIRKQAHAHSK2SDGTLAVPFKA3CQIKIWFCNKRAKIKK,0.6266746651
249,LLIILRRRIRKQAHAHSK2SDGTLAVPFKA3SQIKIWFQCKRAKIKC,0.7128574285
250,LLIILRRRIRKQAHAHSK2SDGTLAVPFKA3CSQIKIWFQNKRAKIKKC,0.5686862627
251,LLIILRRRIRKQAHAHSK2SDGTLAVPFKA3LLIILRRRIRKQAHAHSK,0.7546490702
252,LLIILRRRIRKQAHAHSK2SDGTLAVPFKA3LLIILRRRIRKQAHAHSKRXRRBRRXRRBR,1.777044591
253,LLIILRRRIRKQAHAHSK2SDGTLAVPFKA3CRLRWRC,0.6976604679
254,LLIILRRRIRKQAHAHSK2SDGTLAVPFKA3IWIAQELRRIGDEFNAYYARR,0.6636672665
255,LLIILRRRIRKQAHAHSK2SDGTLAVPFKA3RRIRPRPPRLPRPRPRPLPFPRPG,1.067586483
256,LLIILRRRIRKQAHAHSK2SDGTLAVPFKA3TRSSRAGLQWPVGRVHRLLRK,0.7218556289
257,LLIILRRRIRKQAHAHSK2SDGTLAVPFKA3RGGRLSYSRRRFSTSTGR,0.6536692661
258,LLIILRRRIRKQAHAHSK2SDGTLAVPFKA3ALWKTLLKKVLKAPKKKRKV,0.6108778244
259,LLIILRRRIRKQAHAHSK2SDGTLAVPFKA3KLIKGRTPIKFGKADCDRPPKHSQNGMGK,0.8834233153
260,LLIILRRRIRKQAHAHSK2SDGTLAVPFKA3PLSSIFSRIGDP,0.5040991802
261,LLIILRRRIRKQAHAHSK2SDGTLAVPFKA3KLALKALKALKAALKLA,1.24555089
262,LLIILRRRIRKQAHAHSK2SDGTLAVPFKA3RRWWRRWRR,0.5438912218
263,LLIILRRRIRKQAHAHSK2SDGTLAVPFKA3LKTLTETLKELTKTLTEL,0.6080783843
264,LLIILRRRIRKQAHAHSK2SDGTLAVPFKA3VRLPPPVRLPPPVRLPPP,0.550489902
265,LLIILRRRIRKQAHAHSK2SDGTLAVPFKA3FKIYDKKVRTRVVKH,0.7308538292
266,LLIILRRRIRKQAHAHSK2SDGTLAVPFKA3KGTYKKKLMRIPLKGT,0.6732653469
267,LLIILRRRIRKQAHAHSK2SDGTLAVPFKA3LYKKGPAKKGRPPLRGWFH,0.6882623475
268,LLIILRRRIRKQAHAHSK2SDGTLAVPFKA3IAWVKAFIRKLRKGPLG,0.6056788642
269,LLIILRRRIRKQAHAHSK2SDGTLAVPFKA3GSPWGLQHHPPRT,0.676064787
270,LLIILRRRIRKQAHAHSK2SDGTLAVPFKA3RQVTIWSQNRRVKSKK,0.6474705059
271,LLIILRRRIRKQAHAHSK2SDGTLAVPFKA3VSALK,0.6300739852
272,LLIILRRRIRKQAHAHSK2SDGTLAVPFKA3PPRPPRPPR,0.7182563487
273,LLIILRRRIRKQAHAHSK2SDGTLAVPFKA3PPRPPRPPRPPR,0.6480703859
274,LLIILRRRIRKQAHAHSK2SDGTLAVPFKA3RLRWR,0.6424715057
275,LLIILRRRIRKQAHAHSK2SDGTLAVPFKA3GAYDLRRRERQSRLRRRERQSR,0.6270745851
276,LLIILRRRIRKQAHAHSK2SDGTLAVPFKA3RKKRRQRRR,0.8342331534
277,LLIILRRRIRKQAHAHSK2SDGTLAVPFKA3RRRRRRRRR,0.74905019
278,LLIILRRRIRKQAHAHSK2SDGTLAVPFKA3RSVTIWFQSRRVKEKK,0.8082383523
279,LLIILRRRIRKQAHAHSK2SDGTLAVPFKA3KRVKAGYLLGKINLKALAALAKKIL,0.7842431514
280,LLIILRRRIRKQAHAHSK2SDGTLAVPFKA3AGYLLGKINLKALAALAKKILKRVK,0.7590481904
281,LLIILRRRIRKQAHAHSK2SDGTLAVPFKA3PKKKRKVAGYLLGKINLKALAALAKKIL,0.925414917
282,AGYLLGKINLKALAALAKKILKRVK2KRVKAGYLLGKINLKALAALAKKIL3GRPRESGKKRKRKRLKP,0.7770445911
283,AGYLLGKINLKALAALAKKILKRVK2KRVKAGYLLGKINLKALAALAKKIL3KKYRGRKRHPR,1.593081384
284,AGYLLGKINLKALAALAKKILKRVK2KRVKAGYLLGKINLKALAALAKKIL3GRKAARAPGRRKQ,1.206558688
285,AGYLLGKINLKALAALAKKILKRVK2KRVKAGYLLGKINLKALAALAKKIL3RRRRRRRRRRRR,0.4969006199
286,AGYLLGKINLKALAALAKKILKRVK2KRVKAGYLLGKINLKALAALAKKIL3CRRRRRRRRRRRRC,0.9062187562
287,AGYLLGKINLKALAALAKKILKRVK2KRVKAGYLLGKINLKALAALAKKIL3CRRRRRRCRRRRRR,0.699860028
288,AGYLLGKINLKALAALAKKILKRVK2KRVKAGYLLGKINLKALAALAKKIL3RRRRRRCRRRRRRC,0.8776244751
289,AGYLLGKINLKALAALAKKILKRVK2KRVKAGYLLGKINLKALAALAKKIL3CRRRRRRCRRRRRRC,1.025794841
290,AGYLLGKINLKALAALAKKILKRVK2KRVKAGYLLGKINLKALAALAKKIL3CRRRRRRCCRRRRRRC,0.9698060388
291,AGYLLGKINLKALAALAKKILKRVK2KRVKAGYLLGKINLKALAALAKKIL3RXRRBRRXRRBR,1.019996001
292,AGYLLGKINLKALAALAKKILKRVK2KRVKAGYLLGKINLKALAALAKKIL3CRXRRBRRXRRBRC,0.9980003999
293,AGYLLGKINLKALAALAKKILKRVK2KRVKAGYLLGKINLKALAALAKKIL3RXRRBRCRXRRBRC,1.49610078
294,AGYLLGKINLKALAALAKKILKRVK2KRVKAGYLLGKINLKALAALAKKIL3RQIKIWFQNRRMKWKK,0.9058188362
295,AGYLLGKINLKALAALAKKILKRVK2KRVKAGYLLGKINLKALAALAKKIL3CQIKIWFCNKRAKIKK,1.861227754
296,AGYLLGKINLKALAALAKKILKRVK2KRVKAGYLLGKINLKALAALAKKIL3SQIKIWFQCKRAKIKC,1.466506699
297,AGYLLGKINLKALAALAKKILKRVK2KRVKAGYLLGKINLKALAALAKKIL3CSQIKIWFQNKRAKIKKC,1.463107379
298,AGYLLGKINLKALAALAKKILKRVK2KRVKAGYLLGKINLKALAALAKKIL3LLIILRRRIRKQAHAHSK,1.367526495
299,AGYLLGKINLKALAALAKKILKRVK2KRVKAGYLLGKINLKALAALAKKIL3LLIILRRRIRKQAHAHSKRXRRBRRXRRBR,2.138372326
300,AGYLLGKINLKALAALAKKILKRVK2KRVKAGYLLGKINLKALAALAKKIL3CRLRWRC,3.816436713
301,AGYLLGKINLKALAALAKKILKRVK2KRVKAGYLLGKINLKALAALAKKIL3IWIAQELRRIGDEFNAYYARR,2.147370526
302,AGYLLGKINLKALAALAKKILKRVK2KRVKAGYLLGKINLKALAALAKKIL3RRIRPRPPRLPRPRPRPLPFPRPG,1.171565687
303,AGYLLGKINLKALAALAKKILKRVK2KRVKAGYLLGKINLKALAALAKKIL3TRSSRAGLQWPVGRVHRLLRK,1.973605279
304,AGYLLGKINLKALAALAKKILKRVK2KRVKAGYLLGKINLKALAALAKKIL3RGGRLSYSRRRFSTSTGR,2.0109978
305,AGYLLGKINLKALAALAKKILKRVK2KRVKAGYLLGKINLKALAALAKKIL3ALWKTLLKKVLKAPKKKRKV,1.097580484
306,AGYLLGKINLKALAALAKKILKRVK2KRVKAGYLLGKINLKALAALAKKIL3KLIKGRTPIKFGKADCDRPPKHSQNGMGK,1.50469906
307,AGYLLGKINLKALAALAKKILKRVK2KRVKAGYLLGKINLKALAALAKKIL3PLSSIFSRIGDP,0.4967006599
308,AGYLLGKINLKALAALAKKILKRVK2KRVKAGYLLGKINLKALAALAKKIL3KLALKALKALKAALKLA,1.586282743
309,AGYLLGKINLKALAALAKKILKRVK2KRVKAGYLLGKINLKALAALAKKIL3RRWWRRWRR,1.225354929
310,AGYLLGKINLKALAALAKKILKRVK2KRVKAGYLLGKINLKALAALAKKIL3LKTLTETLKELTKTLTEL,1.355128974
311,AGYLLGKINLKALAALAKKILKRVK2KRVKAGYLLGKINLKALAALAKKIL3VRLPPPVRLPPPVRLPPP,0.4137172565
312,AGYLLGKINLKALAALAKKILKRVK2KRVKAGYLLGKINLKALAALAKKIL3FKIYDKKVRTRVVKH,0.3783243351
313,AGYLLGKINLKALAALAKKILKRVK2KRVKAGYLLGKINLKALAALAKKIL3KGTYKKKLMRIPLKGT,1.592481504
314,AGYLLGKINLKALAALAKKILKRVK2KRVKAGYLLGKINLKALAALAKKIL3LYKKGPAKKGRPPLRGWFH,2.129374125
315,AGYLLGKINLKALAALAKKILKRVK2KRVKAGYLLGKINLKALAALAKKIL3IAWVKAFIRKLRKGPLG,1.692661468
316,AGYLLGKINLKALAALAKKILKRVK2KRVKAGYLLGKINLKALAALAKKIL3GSPWGLQHHPPRT,1.550089982
317,AGYLLGKINLKALAALAKKILKRVK2KRVKAGYLLGKINLKALAALAKKIL3RQVTIWSQNRRVKSKK,1.331733653
318,AGYLLGKINLKALAALAKKILKRVK2KRVKAGYLLGKINLKALAALAKKIL3VSALK,1.101379724
319,AGYLLGKINLKALAALAKKILKRVK2KRVKAGYLLGKINLKALAALAKKIL3PPRPPRPPR,1.820635873
320,AGYLLGKINLKALAALAKKILKRVK2KRVKAGYLLGKINLKALAALAKKIL3PPRPPRPPRPPR,2.153969206
321,AGYLLGKINLKALAALAKKILKRVK2KRVKAGYLLGKINLKALAALAKKIL3RLRWR,2.091581684
322,AGYLLGKINLKALAALAKKILKRVK2KRVKAGYLLGKINLKALAALAKKIL3GAYDLRRRERQSRLRRRERQSR,1.523895221
323,AGYLLGKINLKALAALAKKILKRVK2KRVKAGYLLGKINLKALAALAKKIL3RKKRRQRRR,1.0109978
324,AGYLLGKINLKALAALAKKILKRVK2KRVKAGYLLGKINLKALAALAKKIL3RRRRRRRRR,1.121575685
325,AGYLLGKINLKALAALAKKILKRVK2KRVKAGYLLGKINLKALAALAKKIL3RSVTIWFQSRRVKEKK,0.6628674265
326,AGYLLGKINLKALAALAKKILKRVK2KRVKAGYLLGKINLKALAALAKKIL3KRVKAGYLLGKINLKALAALAKKIL,1.700059988
327,AGYLLGKINLKALAALAKKILKRVK2KRVKAGYLLGKINLKALAALAKKIL3AGYLLGKINLKALAALAKKILKRVK,2.691061788
328,AGYLLGKINLKALAALAKKILKRVK2KRVKAGYLLGKINLKALAALAKKIL3PKKKRKVAGYLLGKINLKALAALAKKIL,1.685662867
329,AGYLLGKINLKALAALAKKILKRVK2PKKKRKVAGYLLGKINLKALAALAKKIL3GRPRESGKKRKRKRLKP,0.5628874225
330,AGYLLGKINLKALAALAKKILKRVK2PKKKRKVAGYLLGKINLKALAALAKKIL3KKYRGRKRHPR,1.110377924
331,AGYLLGKINLKALAALAKKILKRVK2PKKKRKVAGYLLGKINLKALAALAKKIL3GRKAARAPGRRKQ,0.925814837
332,AGYLLGKINLKALAALAKKILKRVK2PKKKRKVAGYLLGKINLKALAALAKKIL3RRRRRRRRRRRR,1.927014597
333,AGYLLGKINLKALAALAKKILKRVK2PKKKRKVAGYLLGKINLKALAALAKKIL3CRRRRRRRRRRRRC,0.5808838232
334,AGYLLGKINLKALAALAKKILKRVK2PKKKRKVAGYLLGKINLKALAALAKKIL3CRRRRRRCRRRRRR,0.4711057788
335,AGYLLGKINLKALAALAKKILKRVK2PKKKRKVAGYLLGKINLKALAALAKKIL3RRRRRRCRRRRRRC,0.5282943411
336,AGYLLGKINLKALAALAKKILKRVK2PKKKRKVAGYLLGKINLKALAALAKKIL3CRRRRRRCRRRRRRC,0.5778844231
337,AGYLLGKINLKALAALAKKILKRVK2PKKKRKVAGYLLGKINLKALAALAKKIL3CRRRRRRCCRRRRRRC,0.5724855029
338,AGYLLGKINLKALAALAKKILKRVK2PKKKRKVAGYLLGKINLKALAALAKKIL3RXRRBRRXRRBR,0.7026594681
339,AGYLLGKINLKALAALAKKILKRVK2PKKKRKVAGYLLGKINLKALAALAKKIL3CRXRRBRRXRRBRC,0.6930613877
340,AGYLLGKINLKALAALAKKILKRVK2PKKKRKVAGYLLGKINLKALAALAKKIL3RXRRBRCRXRRBRC,0.5686862627
341,AGYLLGKINLKALAALAKKILKRVK2PKKKRKVAGYLLGKINLKALAALAKKIL3RQIKIWFQNRRMKWKK,0.6710657868
342,AGYLLGKINLKALAALAKKILKRVK2PKKKRKVAGYLLGKINLKALAALAKKIL3CQIKIWFCNKRAKIKK,1.040791842
343,AGYLLGKINLKALAALAKKILKRVK2PKKKRKVAGYLLGKINLKALAALAKKIL3SQIKIWFQCKRAKIKC,1.185762847
344,AGYLLGKINLKALAALAKKILKRVK2PKKKRKVAGYLLGKINLKALAALAKKIL3CSQIKIWFQNKRAKIKKC,1.132573485
345,AGYLLGKINLKALAALAKKILKRVK2PKKKRKVAGYLLGKINLKALAALAKKIL3LLIILRRRIRKQAHAHSK,1.283743251
346,AGYLLGKINLKALAALAKKILKRVK2PKKKRKVAGYLLGKINLKALAALAKKIL3LLIILRRRIRKQAHAHSKRXRRBRRXRRBR,1.562687463
347,AGYLLGKINLKALAALAKKILKRVK2PKKKRKVAGYLLGKINLKALAALAKKIL3CRLRWRC,1.224755049
348,AGYLLGKINLKALAALAKKILKRVK2PKKKRKVAGYLLGKINLKALAALAKKIL3IWIAQELRRIGDEFNAYYARR,0.8906218756
349,AGYLLGKINLKALAALAKKILKRVK2PKKKRKVAGYLLGKINLKALAALAKKIL3RRIRPRPPRLPRPRPRPLPFPRPG,0.7272545491
350,AGYLLGKINLKALAALAKKILKRVK2PKKKRKVAGYLLGKINLKALAALAKKIL3TRSSRAGLQWPVGRVHRLLRK,0.9900019996
351,AGYLLGKINLKALAALAKKILKRVK2PKKKRKVAGYLLGKINLKALAALAKKIL3RGGRLSYSRRRFSTSTGR,0.8866226755
352,AGYLLGKINLKALAALAKKILKRVK2PKKKRKVAGYLLGKINLKALAALAKKIL3ALWKTLLKKVLKAPKKKRKV,0.6310737852
353,AGYLLGKINLKALAALAKKILKRVK2PKKKRKVAGYLLGKINLKALAALAKKIL3KLIKGRTPIKFGKADCDRPPKHSQNGMGK,1.021195761
354,AGYLLGKINLKALAALAKKILKRVK2PKKKRKVAGYLLGKINLKALAALAKKIL3PLSSIFSRIGDP,1.073985203
355,AGYLLGKINLKALAALAKKILKRVK2PKKKRKVAGYLLGKINLKALAALAKKIL3KLALKALKALKAALKLA,0.9836032793
356,AGYLLGKINLKALAALAKKILKRVK2PKKKRKVAGYLLGKINLKALAALAKKIL3RRWWRRWRR,0.6208758248
357,AGYLLGKINLKALAALAKKILKRVK2PKKKRKVAGYLLGKINLKALAALAKKIL3LKTLTETLKELTKTLTEL,1.408518296
358,AGYLLGKINLKALAALAKKILKRVK2PKKKRKVAGYLLGKINLKALAALAKKIL3VRLPPPVRLPPPVRLPPP,1.25614877
359,AGYLLGKINLKALAALAKKILKRVK2PKKKRKVAGYLLGKINLKALAALAKKIL3FKIYDKKVRTRVVKH,0.9384123175
360,AGYLLGKINLKALAALAKKILKRVK2PKKKRKVAGYLLGKINLKALAALAKKIL3KGTYKKKLMRIPLKGT,0.8686262747
361,AGYLLGKINLKALAALAKKILKRVK2PKKKRKVAGYLLGKINLKALAALAKKIL3LYKKGPAKKGRPPLRGWFH,1.079584083
362,AGYLLGKINLKALAALAKKILKRVK2PKKKRKVAGYLLGKINLKALAALAKKIL3IAWVKAFIRKLRKGPLG,0.898820236
363,AGYLLGKINLKALAALAKKILKRVK2PKKKRKVAGYLLGKINLKALAALAKKIL3GSPWGLQHHPPRT,0.8668266347
364,AGYLLGKINLKALAALAKKILKRVK2PKKKRKVAGYLLGKINLKALAALAKKIL3RQVTIWSQNRRVKSKK,1.079784043
365,AGYLLGKINLKALAALAKKILKRVK2PKKKRKVAGYLLGKINLKALAALAKKIL3VSALK,1.154569086
366,AGYLLGKINLKALAALAKKILKRVK2PKKKRKVAGYLLGKINLKALAALAKKIL3PPRPPRPPR,1.00539892
367,AGYLLGKINLKALAALAKKILKRVK2PKKKRKVAGYLLGKINLKALAALAKKIL3PPRPPRPPRPPR,1.00719856
368,AGYLLGKINLKALAALAKKILKRVK2PKKKRKVAGYLLGKINLKALAALAKKIL3RLRWR,1.163767247
369,AGYLLGKINLKALAALAKKILKRVK2PKKKRKVAGYLLGKINLKALAALAKKIL3GAYDLRRRERQSRLRRRERQSR,0.7848430314
370,AGYLLGKINLKALAALAKKILKRVK2PKKKRKVAGYLLGKINLKALAALAKKIL3RKKRRQRRR,0.6210757848
371,AGYLLGKINLKALAALAKKILKRVK2PKKKRKVAGYLLGKINLKALAALAKKIL3RRRRRRRRR,0.7474505099
372,AGYLLGKINLKALAALAKKILKRVK2PKKKRKVAGYLLGKINLKALAALAKKIL3RSVTIWFQSRRVKEKK,0.9116176765
373,AGYLLGKINLKALAALAKKILKRVK2PKKKRKVAGYLLGKINLKALAALAKKIL3KRVKAGYLLGKINLKALAALAKKIL,2.465306939
374,AGYLLGKINLKALAALAKKILKRVK2PKKKRKVAGYLLGKINLKALAALAKKIL3AGYLLGKINLKALAALAKKILKRVK,1.589082184
375,AGYLLGKINLKALAALAKKILKRVK2PKKKRKVAGYLLGKINLKALAALAKKIL3PKKKRKVAGYLLGKINLKALAALAKKIL,1.544691062
376,AGYLLGKINLKALAALAKKILKRVK2SDGTLAVPFKA3GRPRESGKKRKRKRLKP,0.9710057988
377,AGYLLGKINLKALAALAKKILKRVK2SDGTLAVPFKA3KKYRGRKRHPR,1.172965407
378,AGYLLGKINLKALAALAKKILKRVK2SDGTLAVPFKA3GRKAARAPGRRKQ,1.188362328
379,AGYLLGKINLKALAALAKKILKRVK2SDGTLAVPFKA3RRRRRRRRRRRR,1.283743251
380,AGYLLGKINLKALAALAKKILKRVK2SDGTLAVPFKA3CRRRRRRRRRRRRC,0.5850829834
381,AGYLLGKINLKALAALAKKILKRVK2SDGTLAVPFKA3CRRRRRRCRRRRRR,0.5190961808
382,AGYLLGKINLKALAALAKKILKRVK2SDGTLAVPFKA3RRRRRRCRRRRRRC,0.5946810638
383,AGYLLGKINLKALAALAKKILKRVK2SDGTLAVPFKA3CRRRRRRCRRRRRRC,0.6706658668
384,AGYLLGKINLKALAALAKKILKRVK2SDGTLAVPFKA3CRRRRRRCCRRRRRRC,0.6726654669
385,AGYLLGKINLKALAALAKKILKRVK2SDGTLAVPFKA3RXRRBRRXRRBR,1.524895021
386,AGYLLGKINLKALAALAKKILKRVK2SDGTLAVPFKA3CRXRRBRRXRRBRC,1.834633073
387,AGYLLGKINLKALAALAKKILKRVK2SDGTLAVPFKA3RXRRBRCRXRRBRC,1.671665667
388,AGYLLGKINLKALAALAKKILKRVK2SDGTLAVPFKA3RQIKIWFQNRRMKWKK,1.00219956
389,AGYLLGKINLKALAALAKKILKRVK2SDGTLAVPFKA3CQIKIWFCNKRAKIKK,1.225354929
390,AGYLLGKINLKALAALAKKILKRVK2SDGTLAVPFKA3SQIKIWFQCKRAKIKC,1.910617876
391,AGYLLGKINLKALAALAKKILKRVK2SDGTLAVPFKA3CSQIKIWFQNKRAKIKKC,0.9778044391
392,AGYLLGKINLKALAALAKKILKRVK2SDGTLAVPFKA3LLIILRRRIRKQAHAHSK,0.6126774645
393,AGYLLGKINLKALAALAKKILKRVK2SDGTLAVPFKA3LLIILRRRIRKQAHAHSKRXRRBRRXRRBR,0.8610277944
394,AGYLLGKINLKALAALAKKILKRVK2SDGTLAVPFKA3CRLRWRC,3.679264147
395,AGYLLGKINLKALAALAKKILKRVK2SDGTLAVPFKA3IWIAQELRRIGDEFNAYYARR,2.24635073
396,AGYLLGKINLKALAALAKKILKRVK2SDGTLAVPFKA3RRIRPRPPRLPRPRPRPLPFPRPG,1.24235153
397,AGYLLGKINLKALAALAKKILKRVK2SDGTLAVPFKA3TRSSRAGLQWPVGRVHRLLRK,4.968206359
398,AGYLLGKINLKALAALAKKILKRVK2SDGTLAVPFKA3RGGRLSYSRRRFSTSTGR,1.375924815
399,AGYLLGKINLKALAALAKKILKRVK2SDGTLAVPFKA3ALWKTLLKKVLKAPKKKRKV,1.455508898
400,AGYLLGKINLKALAALAKKILKRVK2SDGTLAVPFKA3KLIKGRTPIKFGKADCDRPPKHSQNGMGK,1.73865227
401,AGYLLGKINLKALAALAKKILKRVK2SDGTLAVPFKA3PLSSIFSRIGDP,5.142371526
402,AGYLLGKINLKALAALAKKILKRVK2SDGTLAVPFKA3KLALKALKALKAALKLA,2.328734253
403,AGYLLGKINLKALAALAKKILKRVK2SDGTLAVPFKA3RRWWRRWRR,1.24535093
404,AGYLLGKINLKALAALAKKILKRVK2SDGTLAVPFKA3LKTLTETLKELTKTLTEL,1.191561688
405,AGYLLGKINLKALAALAKKILKRVK2SDGTLAVPFKA3VRLPPPVRLPPPVRLPPP,0.8096380724
406,AGYLLGKINLKALAALAKKILKRVK2SDGTLAVPFKA3FKIYDKKVRTRVVKH,1.553689262
407,AGYLLGKINLKALAALAKKILKRVK2SDGTLAVPFKA3KGTYKKKLMRIPLKGT,0.8626274745
408,AGYLLGKINLKALAALAKKILKRVK2SDGTLAVPFKA3LYKKGPAKKGRPPLRGWFH,1.675264947
409,AGYLLGKINLKALAALAKKILKRVK2SDGTLAVPFKA3IAWVKAFIRKLRKGPLG,1.199360128
410,AGYLLGKINLKALAALAKKILKRVK2SDGTLAVPFKA3GSPWGLQHHPPRT,5.465706859
411,AGYLLGKINLKALAALAKKILKRVK2SDGTLAVPFKA3RQVTIWSQNRRVKSKK,0.7416516697
412,AGYLLGKINLKALAALAKKILKRVK2SDGTLAVPFKA3VSALK,2.221955609
413,AGYLLGKINLKALAALAKKILKRVK2SDGTLAVPFKA3PPRPPRPPR,0.8368326335
414,AGYLLGKINLKALAALAKKILKRVK2SDGTLAVPFKA3PPRPPRPPRPPR,0.9592081584
415,AGYLLGKINLKALAALAKKILKRVK2SDGTLAVPFKA3RLRWR,6.099380124
416,AGYLLGKINLKALAALAKKILKRVK2SDGTLAVPFKA3GAYDLRRRERQSRLRRRERQSR,1.215956809
417,AGYLLGKINLKALAALAKKILKRVK2SDGTLAVPFKA3RKKRRQRRR,0.8902219556
418,AGYLLGKINLKALAALAKKILKRVK2SDGTLAVPFKA3RRRRRRRRR,0.9288142372
419,AGYLLGKINLKALAALAKKILKRVK2SDGTLAVPFKA3RSVTIWFQSRRVKEKK,0.8088382324
420,AGYLLGKINLKALAALAKKILKRVK2SDGTLAVPFKA3KRVKAGYLLGKINLKALAALAKKIL,0.9828034393
421,AGYLLGKINLKALAALAKKILKRVK2SDGTLAVPFKA3AGYLLGKINLKALAALAKKILKRVK,1.695060988
422,AGYLLGKINLKALAALAKKILKRVK2SDGTLAVPFKA3PKKKRKVAGYLLGKINLKALAALAKKIL,1.544491102
423,GRPRESGKKRKRKRLKP2KRVKAGYLLGKINLKALAALAKKIL3GRPRESGKKRKRKRLKP,16.0569886
424,GRPRESGKKRKRKRLKP2KRVKAGYLLGKINLKALAALAKKIL3KKYRGRKRHPR,12.72765447
425,GRPRESGKKRKRKRLKP2KRVKAGYLLGKINLKALAALAKKIL3GRKAARAPGRRKQ,14.63887223
426,GRPRESGKKRKRKRLKP2KRVKAGYLLGKINLKALAALAKKIL3RRRRRRRRRRRR,17.5244951
427,GRPRESGKKRKRKRLKP2KRVKAGYLLGKINLKALAALAKKIL3CRRRRRRRRRRRRC,16.78404319
428,GRPRESGKKRKRKRLKP2KRVKAGYLLGKINLKALAALAKKIL3CRRRRRRCRRRRRR,16.29274145
429,GRPRESGKKRKRKRLKP2KRVKAGYLLGKINLKALAALAKKIL3RRRRRRCRRRRRRC,16.27354529
430,GRPRESGKKRKRKRLKP2KRVKAGYLLGKINLKALAALAKKIL3CRRRRRRCRRRRRRC,14.86842631
431,GRPRESGKKRKRKRLKP2KRVKAGYLLGKINLKALAALAKKIL3CRRRRRRCCRRRRRRC,16.99140172
432,GRPRESGKKRKRKRLKP2KRVKAGYLLGKINLKALAALAKKIL3RXRRBRRXRRBR,17.82863427
433,GRPRESGKKRKRKRLKP2KRVKAGYLLGKINLKALAALAKKIL3CRXRRBRRXRRBRC,18.5874825
434,GRPRESGKKRKRKRLKP2KRVKAGYLLGKINLKALAALAKKIL3RXRRBRCRXRRBRC,16.11457708
435,GRPRESGKKRKRKRLKP2KRVKAGYLLGKINLKALAALAKKIL3RQIKIWFQNRRMKWKK,12.37072585
436,GRPRESGKKRKRKRLKP2KRVKAGYLLGKINLKALAALAKKIL3CQIKIWFCNKRAKIKK,7.514897021
437,GRPRESGKKRKRKRLKP2KRVKAGYLLGKINLKALAALAKKIL3SQIKIWFQCKRAKIKC,6.175364927
438,GRPRESGKKRKRKRLKP2KRVKAGYLLGKINLKALAALAKKIL3CSQIKIWFQNKRAKIKKC,7.226754649
439,GRPRESGKKRKRKRLKP2KRVKAGYLLGKINLKALAALAKKIL3LLIILRRRIRKQAHAHSK,5.476504699
440,GRPRESGKKRKRKRLKP2KRVKAGYLLGKINLKALAALAKKIL3LLIILRRRIRKQAHAHSKRXRRBRRXRRBR,13.58008398
441,GRPRESGKKRKRKRLKP2KRVKAGYLLGKINLKALAALAKKIL3CRLRWRC,1.627274545
442,GRPRESGKKRKRKRLKP2KRVKAGYLLGKINLKALAALAKKIL3IWIAQELRRIGDEFNAYYARR,2.727254549
443,GRPRESGKKRKRKRLKP2KRVKAGYLLGKINLKALAALAKKIL3RRIRPRPPRLPRPRPRPLPFPRPG,14.21675665
444,GRPRESGKKRKRKRLKP2KRVKAGYLLGKINLKALAALAKKIL3TRSSRAGLQWPVGRVHRLLRK,12.50869826
445,GRPRESGKKRKRKRLKP2KRVKAGYLLGKINLKALAALAKKIL3RGGRLSYSRRRFSTSTGR,15.29014197
446,GRPRESGKKRKRKRLKP2KRVKAGYLLGKINLKALAALAKKIL3ALWKTLLKKVLKAPKKKRKV,14.28454309
447,GRPRESGKKRKRKRLKP2KRVKAGYLLGKINLKALAALAKKIL3KLIKGRTPIKFGKADCDRPPKHSQNGMGK,11.31333733
448,GRPRESGKKRKRKRLKP2KRVKAGYLLGKINLKALAALAKKIL3PLSSIFSRIGDP,0.9092181564
449,GRPRESGKKRKRKRLKP2KRVKAGYLLGKINLKALAALAKKIL3KLALKALKALKAALKLA,10.06618676
450,GRPRESGKKRKRKRLKP2KRVKAGYLLGKINLKALAALAKKIL3RRWWRRWRR,14.85342931
451,GRPRESGKKRKRKRLKP2KRVKAGYLLGKINLKALAALAKKIL3LKTLTETLKELTKTLTEL,10.50569886
452,GRPRESGKKRKRKRLKP2KRVKAGYLLGKINLKALAALAKKIL3VRLPPPVRLPPPVRLPPP,3.025194961
453,GRPRESGKKRKRKRLKP2KRVKAGYLLGKINLKALAALAKKIL3FKIYDKKVRTRVVKH,8.913017397
454,GRPRESGKKRKRKRLKP2KRVKAGYLLGKINLKALAALAKKIL3KGTYKKKLMRIPLKGT,13.33333333
455,GRPRESGKKRKRKRLKP2KRVKAGYLLGKINLKALAALAKKIL3LYKKGPAKKGRPPLRGWFH,14.28154369
456,GRPRESGKKRKRKRLKP2KRVKAGYLLGKINLKALAALAKKIL3IAWVKAFIRKLRKGPLG,7.684663067
457,GRPRESGKKRKRKRLKP2KRVKAGYLLGKINLKALAALAKKIL3GSPWGLQHHPPRT,4.710457908
458,GRPRESGKKRKRKRLKP2KRVKAGYLLGKINLKALAALAKKIL3RQVTIWSQNRRVKSKK,13.25134973
459,GRPRESGKKRKRKRLKP2KRVKAGYLLGKINLKALAALAKKIL3VSALK,5.945010998
460,GRPRESGKKRKRKRLKP2KRVKAGYLLGKINLKALAALAKKIL3PPRPPRPPR,12.26094781
461,GRPRESGKKRKRKRLKP2KRVKAGYLLGKINLKALAALAKKIL3PPRPPRPPRPPR,12.69086183
462,GRPRESGKKRKRKRLKP2KRVKAGYLLGKINLKALAALAKKIL3RLRWR,14.12957409
463,GRPRESGKKRKRKRLKP2KRVKAGYLLGKINLKALAALAKKIL3GAYDLRRRERQSRLRRRERQSR,13.71165767
464,GRPRESGKKRKRKRLKP2KRVKAGYLLGKINLKALAALAKKIL3RKKRRQRRR,17.34313137
465,GRPRESGKKRKRKRLKP2KRVKAGYLLGKINLKALAALAKKIL3RRRRRRRRR,17.47990402
466,GRPRESGKKRKRKRLKP2KRVKAGYLLGKINLKALAALAKKIL3RSVTIWFQSRRVKEKK,6.700859828
467,GRPRESGKKRKRKRLKP2KRVKAGYLLGKINLKALAALAKKIL3KRVKAGYLLGKINLKALAALAKKIL,10.26434713
468,GRPRESGKKRKRKRLKP2KRVKAGYLLGKINLKALAALAKKIL3AGYLLGKINLKALAALAKKILKRVK,11.21255749
469,GRPRESGKKRKRKRLKP2KRVKAGYLLGKINLKALAALAKKIL3PKKKRKVAGYLLGKINLKALAALAKKIL,10.4935013
470,GRPRESGKKRKRKRLKP2PKKKRKVAGYLLGKINLKALAALAKKIL3GRPRESGKKRKRKRLKP,14.55668866
471,GRPRESGKKRKRKRLKP2PKKKRKVAGYLLGKINLKALAALAKKIL3KKYRGRKRHPR,14.36332733
472,GRPRESGKKRKRKRLKP2PKKKRKVAGYLLGKINLKALAALAKKIL3GRKAARAPGRRKQ,14.32473505
473,GRPRESGKKRKRKRLKP2PKKKRKVAGYLLGKINLKALAALAKKIL3RRRRRRRRRRRR,13.9540092
474,GRPRESGKKRKRKRLKP2PKKKRKVAGYLLGKINLKALAALAKKIL3CRRRRRRRRRRRRC,16.63887223
475,GRPRESGKKRKRKRLKP2PKKKRKVAGYLLGKINLKALAALAKKIL3CRRRRRRCRRRRRR,15.95560888
476,GRPRESGKKRKRKRLKP2PKKKRKVAGYLLGKINLKALAALAKKIL3RRRRRRCRRRRRRC,17.75764847
477,GRPRESGKKRKRKRLKP2PKKKRKVAGYLLGKINLKALAALAKKIL3CRRRRRRCRRRRRRC,16.37232553
478,GRPRESGKKRKRKRLKP2PKKKRKVAGYLLGKINLKALAALAKKIL3CRRRRRRCCRRRRRRC,17.10017996
479,GRPRESGKKRKRKRLKP2PKKKRKVAGYLLGKINLKALAALAKKIL3RXRRBRRXRRBR,18.13077385
480,GRPRESGKKRKRKRLKP2PKKKRKVAGYLLGKINLKALAALAKKIL3CRXRRBRRXRRBRC,19.13777245
481,GRPRESGKKRKRKRLKP2PKKKRKVAGYLLGKINLKALAALAKKIL3RXRRBRCRXRRBRC,19.30593881
482,GRPRESGKKRKRKRLKP2PKKKRKVAGYLLGKINLKALAALAKKIL3RQIKIWFQNRRMKWKK,15.34533093
483,GRPRESGKKRKRKRLKP2PKKKRKVAGYLLGKINLKALAALAKKIL3CQIKIWFCNKRAKIKK,15.26294741
484,GRPRESGKKRKRKRLKP2PKKKRKVAGYLLGKINLKALAALAKKIL3SQIKIWFQCKRAKIKC,10.42791442
485,GRPRESGKKRKRKRLKP2PKKKRKVAGYLLGKINLKALAALAKKIL3CSQIKIWFQNKRAKIKKC,11.48230354
486,GRPRESGKKRKRKRLKP2PKKKRKVAGYLLGKINLKALAALAKKIL3LLIILRRRIRKQAHAHSK,10.31353729
487,GRPRESGKKRKRKRLKP2PKKKRKVAGYLLGKINLKALAALAKKIL3LLIILRRRIRKQAHAHSKRXRRBRRXRRBR,17.55028994
488,GRPRESGKKRKRKRLKP2PKKKRKVAGYLLGKINLKALAALAKKIL3CRLRWRC,12.65266947
489,GRPRESGKKRKRKRLKP2PKKKRKVAGYLLGKINLKALAALAKKIL3IWIAQELRRIGDEFNAYYARR,7.587082583
490,GRPRESGKKRKRKRLKP2PKKKRKVAGYLLGKINLKALAALAKKIL3RRIRPRPPRLPRPRPRPLPFPRPG,16.47370526
491,GRPRESGKKRKRKRLKP2PKKKRKVAGYLLGKINLKALAALAKKIL3TRSSRAGLQWPVGRVHRLLRK,17.72905419
492,GRPRESGKKRKRKRLKP2PKKKRKVAGYLLGKINLKALAALAKKIL3RGGRLSYSRRRFSTSTGR,17.58028394
493,GRPRESGKKRKRKRLKP2PKKKRKVAGYLLGKINLKALAALAKKIL3ALWKTLLKKVLKAPKKKRKV,14.93121376
494,GRPRESGKKRKRKRLKP2PKKKRKVAGYLLGKINLKALAALAKKIL3KLIKGRTPIKFGKADCDRPPKHSQNGMGK,14.37392521
495,GRPRESGKKRKRKRLKP2PKKKRKVAGYLLGKINLKALAALAKKIL3PLSSIFSRIGDP,8.458108378
496,GRPRESGKKRKRKRLKP2PKKKRKVAGYLLGKINLKALAALAKKIL3KLALKALKALKAALKLA,10.85642871
497,GRPRESGKKRKRKRLKP2PKKKRKVAGYLLGKINLKALAALAKKIL3RRWWRRWRR,19.5244951
498,GRPRESGKKRKRKRLKP2PKKKRKVAGYLLGKINLKALAALAKKIL3LKTLTETLKELTKTLTEL,12.53609278
499,GRPRESGKKRKRKRLKP2PKKKRKVAGYLLGKINLKALAALAKKIL3VRLPPPVRLPPPVRLPPP,9.571285743
500,GRPRESGKKRKRKRLKP2PKKKRKVAGYLLGKINLKALAALAKKIL3FKIYDKKVRTRVVKH,10.73685263
501,GRPRESGKKRKRKRLKP2PKKKRKVAGYLLGKINLKALAALAKKIL3KGTYKKKLMRIPLKGT,15.21655669
502,GRPRESGKKRKRKRLKP2PKKKRKVAGYLLGKINLKALAALAKKIL3LYKKGPAKKGRPPLRGWFH,14.47610478
503,GRPRESGKKRKRKRLKP2PKKKRKVAGYLLGKINLKALAALAKKIL3IAWVKAFIRKLRKGPLG,10.64047191
504,GRPRESGKKRKRKRLKP2PKKKRKVAGYLLGKINLKALAALAKKIL3GSPWGLQHHPPRT,9.934813037
505,GRPRESGKKRKRKRLKP2PKKKRKVAGYLLGKINLKALAALAKKIL3RQVTIWSQNRRVKSKK,13.32373525
506,GRPRESGKKRKRKRLKP2PKKKRKVAGYLLGKINLKALAALAKKIL3VSALK,8.916416717
507,GRPRESGKKRKRKRLKP2PKKKRKVAGYLLGKINLKALAALAKKIL3PPRPPRPPR,15.98020396
508,GRPRESGKKRKRKRLKP2PKKKRKVAGYLLGKINLKALAALAKKIL3PPRPPRPPRPPR,16.5974805
509,GRPRESGKKRKRKRLKP2PKKKRKVAGYLLGKINLKALAALAKKIL3RLRWR,18.39232154
510,GRPRESGKKRKRKRLKP2PKKKRKVAGYLLGKINLKALAALAKKIL3GAYDLRRRERQSRLRRRERQSR,15.20055989
511,GRPRESGKKRKRKRLKP2PKKKRKVAGYLLGKINLKALAALAKKIL3RKKRRQRRR,15.46170766
512,GRPRESGKKRKRKRLKP2PKKKRKVAGYLLGKINLKALAALAKKIL3RRRRRRRRR,16.0209958
513,GRPRESGKKRKRKRLKP2PKKKRKVAGYLLGKINLKALAALAKKIL3RSVTIWFQSRRVKEKK,9.381123775
514,GRPRESGKKRKRKRLKP2PKKKRKVAGYLLGKINLKALAALAKKIL3KRVKAGYLLGKINLKALAALAKKIL,13.4105179
515,GRPRESGKKRKRKRLKP2PKKKRKVAGYLLGKINLKALAALAKKIL3AGYLLGKINLKALAALAKKILKRVK,11.64627075
516,GRPRESGKKRKRKRLKP2PKKKRKVAGYLLGKINLKALAALAKKIL3PKKKRKVAGYLLGKINLKALAALAKKIL,11.17236553
517,GRPRESGKKRKRKRLKP2SDGTLAVPFKA3GRPRESGKKRKRKRLKP,11.59568086
518,GRPRESGKKRKRKRLKP2SDGTLAVPFKA3KKYRGRKRHPR,9.366526695
519,GRPRESGKKRKRKRLKP2SDGTLAVPFKA3GRKAARAPGRRKQ,7.285542891
520,GRPRESGKKRKRKRLKP2SDGTLAVPFKA3RRRRRRRRRRRR,17.59488102
521,GRPRESGKKRKRKRLKP2SDGTLAVPFKA3CRRRRRRRRRRRRC,11.69506099
522,GRPRESGKKRKRKRLKP2SDGTLAVPFKA3CRRRRRRCRRRRRR,14.9280144
523,GRPRESGKKRKRKRLKP2SDGTLAVPFKA3RRRRRRCRRRRRRC,12.87722456
524,GRPRESGKKRKRKRLKP2SDGTLAVPFKA3CRRRRRRCRRRRRRC,10.86862627
525,GRPRESGKKRKRKRLKP2SDGTLAVPFKA3CRRRRRRCCRRRRRRC,10.05758848
526,GRPRESGKKRKRKRLKP2SDGTLAVPFKA3RXRRBRRXRRBR,17.37912418
527,GRPRESGKKRKRKRLKP2SDGTLAVPFKA3CRXRRBRRXRRBRC,16.42811438
528,GRPRESGKKRKRKRLKP2SDGTLAVPFKA3RXRRBRCRXRRBRC,15.67646471
529,GRPRESGKKRKRKRLKP2SDGTLAVPFKA3RQIKIWFQNRRMKWKK,6.974805039
530,GRPRESGKKRKRKRLKP2SDGTLAVPFKA3CQIKIWFCNKRAKIKK,4.300339932
531,GRPRESGKKRKRKRLKP2SDGTLAVPFKA3SQIKIWFQCKRAKIKC,3.296740652
532,GRPRESGKKRKRKRLKP2SDGTLAVPFKA3CSQIKIWFQNKRAKIKKC,2.436112777
533,GRPRESGKKRKRKRLKP2SDGTLAVPFKA3LLIILRRRIRKQAHAHSK,2.963407319
534,GRPRESGKKRKRKRLKP2SDGTLAVPFKA3LLIILRRRIRKQAHAHSKRXRRBRRXRRBR,11.42591482
535,GRPRESGKKRKRKRLKP2SDGTLAVPFKA3CRLRWRC,3.544091182
536,GRPRESGKKRKRKRLKP2SDGTLAVPFKA3IWIAQELRRIGDEFNAYYARR,2.371725655
537,GRPRESGKKRKRKRLKP2SDGTLAVPFKA3RRIRPRPPRLPRPRPRPLPFPRPG,14.66046791
538,GRPRESGKKRKRKRLKP2SDGTLAVPFKA3TRSSRAGLQWPVGRVHRLLRK,4.927814437
539,GRPRESGKKRKRKRLKP2SDGTLAVPFKA3RGGRLSYSRRRFSTSTGR,8.172565487
540,GRPRESGKKRKRKRLKP2SDGTLAVPFKA3ALWKTLLKKVLKAPKKKRKV,11.05038992
541,GRPRESGKKRKRKRLKP2SDGTLAVPFKA3KLIKGRTPIKFGKADCDRPPKHSQNGMGK,5.081383723
542,GRPRESGKKRKRKRLKP2SDGTLAVPFKA3PLSSIFSRIGDP,3.557488502
543,GRPRESGKKRKRKRLKP2SDGTLAVPFKA3KLALKALKALKAALKLA,10.15276945
544,GRPRESGKKRKRKRLKP2SDGTLAVPFKA3RRWWRRWRR,13.23955209
545,GRPRESGKKRKRKRLKP2SDGTLAVPFKA3LKTLTETLKELTKTLTEL,2.662467506
546,GRPRESGKKRKRKRLKP2SDGTLAVPFKA3VRLPPPVRLPPPVRLPPP,3.178364327
547,GRPRESGKKRKRKRLKP2SDGTLAVPFKA3FKIYDKKVRTRVVKH,3.430513897
548,GRPRESGKKRKRKRLKP2SDGTLAVPFKA3KGTYKKKLMRIPLKGT,5.734853029
549,GRPRESGKKRKRKRLKP2SDGTLAVPFKA3LYKKGPAKKGRPPLRGWFH,6.588082384
550,GRPRESGKKRKRKRLKP2SDGTLAVPFKA3IAWVKAFIRKLRKGPLG,5.022795441
551,GRPRESGKKRKRKRLKP2SDGTLAVPFKA3GSPWGLQHHPPRT,4.313137373
552,GRPRESGKKRKRKRLKP2SDGTLAVPFKA3RQVTIWSQNRRVKSKK,8.126774645
553,GRPRESGKKRKRKRLKP2SDGTLAVPFKA3VSALK,4.277344531
554,GRPRESGKKRKRKRLKP2SDGTLAVPFKA3PPRPPRPPR,5.463507299
555,GRPRESGKKRKRKRLKP2SDGTLAVPFKA3PPRPPRPPRPPR,6.379124175
556,GRPRESGKKRKRKRLKP2SDGTLAVPFKA3RLRWR,7.177164567
557,GRPRESGKKRKRKRLKP2SDGTLAVPFKA3GAYDLRRRERQSRLRRRERQSR,7.089382124
558,GRPRESGKKRKRKRLKP2SDGTLAVPFKA3RKKRRQRRR,16.11817636
559,GRPRESGKKRKRKRLKP2SDGTLAVPFKA3RRRRRRRRR,15.36172765
560,GRPRESGKKRKRKRLKP2SDGTLAVPFKA3RSVTIWFQSRRVKEKK,4.631473705
561,GRPRESGKKRKRKRLKP2SDGTLAVPFKA3KRVKAGYLLGKINLKALAALAKKIL,8.899020196
562,GRPRESGKKRKRKRLKP2SDGTLAVPFKA3AGYLLGKINLKALAALAKKILKRVK,8.132973405
563,GRPRESGKKRKRKRLKP2SDGTLAVPFKA3PKKKRKVAGYLLGKINLKALAALAKKIL,9.144571086
564,RRRRRRRRRRRR,10.4
565,GLAFLGFLGAAGSTMGAWSQPKKKRKV,7.5
566,RRIRPRPPRLPRPRPRPLPFPRPG,6.1
567,RKKRRQRRR,6.0
568,RRRRRRRRRR,5.8
569,GRPRESGKKRKRKRLKP,5.4
570,ALWKTLLKKVLKAPKKKRKV,5.2
571,RRIPNRRPRR,4.9
572,TRRQRTRRARRNR,4.7
573,HARIKPTFRRLKWKYKGKFW,4.6
574,GIGAVLKVLTTGLPALISWIKRKRQQ,4.5
575,LRRERQSRLRRERQSR,4.3
576,RRRRRRRRR,4.2
577,RQIKIWFQNRRMKWKK,4.2
578,KRARNTEAARRSRARKLQRMKQ,4.2
579,RHIKIWFQN RRM KWKK,4.1
580,RRRRRRRR,4.0
581,KMTRAQRRAAARRNRWTAR,3.9
582,RGGRLSYSRRRFSTSTGR,3.9
583,KQINNWFINQRKRHWK,3.8
584,KLWMRWYSPTTRRYG,3.7
585,RRWWRRWRR,3.5
586,SQIKIWFQN KRAKIKK,3.4
587,GAYDLRRRERQSRLRRRERQSR,3.3
588,TRRNKRNRIQEQLNRK,3.3
589,GKRKKKGKLGKKRDP,3.2
590,RQVTIWFQNRRVKEKK,3.1
591,RLRWR,2.9
592,PPRPPRPPRPPRPPR,2.7
593,CAYHRLRRC,2.6
594,SRRARRSPRHLGSG,2.5
595,PPRPPRPPRPPR,2.4
596,NAKTRRHERRRKLAIER,2.4
597,VKRGLKLRHVRPRVTRMDV,2.4
598,LYKKGPAKKGRPPLRGWFH,2.2
599,TAKTRYKARRAELIAERR,2.1
600,KGTYKKKLMRIPLKGT,2.1
601,PPRPPRPPR,1.9
602,RASKRDGSWVKKLHRILE,1.9
603,TRSSRAGLQWPVGRVHRLLRK,1.9
604,FKIYDKKVRTRVVKH,1.7
605,VRLPPPVRLPPPVRLPPP,1.7
606,GPFHFYQFLFPPV,1.7
607,PLILLRLLRGQF,1.7
608,YTAIAWVKAFIRKLRK,1.5
609,KETWWETWWTEWSQ PKKRKV,1.4
610,LIRLWSHLIHIWFQNRRLKWKKK,1.4
611,VDKGSYLPRPTPPRPIYNRN,1.4
612,MDAQTRRRERRAEKQAQWKAAN,1.4
613,GSPWGLQHHPPRT,1.3
614,KLALKALKALKAALKLA,1.3
615,IPALK,1.3
616,VPALR,1.3
617,LLIILRRRIRKQAHAHSK,1.2
618,IAWVKAFIRKLRKGPLG,1.2
619,AAVLLPVLLAAPVQRKRQKLP,1.2
620,TSPLNIHNGQKL,1.2
621,VPTLK,1.2
622,VSALK,1.1
623,DPKGDPKGVTVTVTVTVTGKGDPKPD,0.8
624,AGYLLGKINLKALAALAKKIL,0.8
625,VELPPPVELPPPVELPPP,0.8
626,GLWRALWRLLRSLWRLLWRA,0.6
627,PLSSIFSRIGDP,0.6
628,RXRRBRRXRRBRGIGAVLKVLTTGLPALISWIKRKRQQ,14.32
629,RXRRBRRXRRBRRQIKIWFQNRRMKWKK,12.13
630,RXRRBRRXRRBRLLIILRRRIRKQAHAHSK,6.06
631,RRLPPFLRPRPPRPPRPPRPRRIG ,6.52
632,RXRRBRCRXRRBRC,8.17
633,CRXRRBRRXRRBRC,18.25
634,CRXRRBRCRXRRBR,9.66
635,CRRRRRRCCRRRRRRC,17.69
636,CGKRKKKGKLGKKRDPC ,5.23
637,SQIKIWFQNKRAKIKK,3.37
638,GIGAVLKVLTTGLPALISWIKRKRQQ ,3.53
639,GIGAVLKVLTTGLPALISWIKRKRQQRXRRBRRXRRBR,14.65
640,PPRKRPPPRPPRPPRKKKK ,5.2
641,KRVKXKRVKXKRVK,3.5
642,RHIKIWFQNRRMKWKK,4.14
643,KWRRQQKMKWKIRNIF ,6.49
644,RQIKIWFQNRRMKWKKRXRRBRRXRRBR,16.85
645,KETWWETWWTEWSQPKKRKV,1.43
646,PLIYLRLLRGQF,0.0
647,PPRAPPRAPPRAPPRAPPR ,2.39
648,PPRKPPRRPPRVPPRKPPR ,3.67
649,PPRPPRPPRPPRPPRKRVK ,4.95
650,LLIILRRRIRKQAHAHSKRXRRBRRXRRBR,16.95
651,KVRWAKAPKLKLKLKTKLVK  ,1.58
652,RCRRRRRRCR,5.45
653,AGYLLGKINLKALCALAKKIC ,0.92
