sequence,intensity
ALKBRSAAKAVRWPKKKIKQASKKVAKYALXXXRKKKAASKXWLQLHWPRW,45
PPLRNAKKKNLKNNLKMDPKFTKKVKQGALKLNRRKKNRGPKGPXKHWTT,27
QKKRKSKANKKNWPKGKLSIHAKDYKQGPKAKXRKQRXR,39
KKGKKQNKKKHRWPKKKVPQPKKMFKQGABXRX,25
AKKKIAKAKKHRGPNBGIHAPVSKIKDPLKXXX,3
ALKBRSAAKAVRWPKKAIKQASKKVAKYALKXXRKKKAASKXWLQLHWPRW,43
XKHPXAVQBAARAWKVPAAALWKKKRLKKSSKQKKKWLWKARSAXKYXRLI,36
BKGKNLLAKIRRGPNGGNBQGSQGYLLYLLXRXRRQRXXYPWWRXKHXRWXXRXRGHXRRRRQXLKPDRXRGGKGSVS,39
KKKKNLNBKSRRGPNGGALQPSQGYLQPLNXRXRRQRXXYPWWRXKHXRWRXRYHXRRRRQXLKPG,38
TSNLKLHLAPPVKKKALKKPLYKAKKKKKVVSPTWXTDQEW,4
KGGKNLAKKIRRGPNGGALQPSQGYLLYLBXRXRRQRXXGPXWRXKHXRWXXXXXRPTHXRRRRQXLCPGRXRPCRGSVS,40
AKKKKLGBKALRWPNGKCPQPKEKCPKYLLGRXRRKRXRYPWWRXKHRRW, 30
RRRRRRRRRRRRRRRRRRRRRRR, 0
KKKKKKKKKKKKKKKKKKKKKKK, 0
RRRRRRRRRRRRRKKKKKKKKKK, 0