sequence,intensity
PPRPPRPPRPPRPPR,2.71
PPRPPRPPRPPR,2.43
PPRPPRPPR,1.94
GSPWGLQHHPPRT,1.32
GPFHFYQFLFPPV,1.71
RLRWR,2.88
RLRWR,2.85
RXRRBRRXRRBRGIGAVLKVLTTGLPALISWIKRKRQQ,14.32
RXRRBRRXRRBRRQIKIWFQNRRMKWKK,12.13
RXRRBRRXRRBRLLIILRRRIRKQAHAHSK,6.06
RRIRPRPPRLPRPRPRPLPFPRPG,6.09
RRIRPRPPRLPRPRPRPLPFPRPG,5
RRLPPFLRPRPPRPPRPPRPRRIG ,6.52
IPALK,1.26
VPALR,1.25
VPTLK,1.19
VSALK,1.11
KMTRAQRRAAARRNRWTAR,3.92
RXRRBRCRXRRBRC,8.17
CRXRRBRRXRRBRC,18.25
CRXRRBRCRXRRBR,9.66
TRSSRAGLQWPVGRVHRLLRK,1.85
GLWRALWRLLRSLWRLLWRA,0.61
CAYHRLRRC,2.56
CRRRRRRCCRRRRRRC,17.69
VKRGLKLRHVRPRVTRMDV,2.42
SRRARRSPRHLGSG,2.46
LRRERQSRLRRERQSR,4.28
GAYDLRRRERQSRLRRRERQSR,3.34
GRPRESGKKRKRKRLKP,5.42
GRPRESGKKRKRKRLKP,3.77
GKRKKKGKLGKKRDP,3.2
GKRKKKGKLGKKRDP,2.5
CGKRKKKGKLGKKRDPC ,5.23
LIRLWSHLIHIWFQNRRLKWKKK,1.42
SQIKIWFQNKRAKIKK,3.37
RKKRRQRRR,0
TSPLNIHNGQKL,1.2
RQVTIWFQNRRVKEKK,3.13
RRIPNRRPRR,4.89
RRIPNRRPRR,4.15
TRRQRTRRARRNR,4.65
KLWMRWYSPTTRRYG,3.66
AAVLLPVLLAAPVQRKRQKLP,1.21
KQINNWFINQRKRHWK,3.77
HARIKPTFRRLKWKYKGKFW,4.56
KLALKALKALKAALKLA,1.3
GIGAVLKVLTTGLPALISWIKRKRQQ,4.5
GIGAVLKVLTTGLPALISWIKRKRQQ ,3.53
GIGAVLKVLTTGLPALISWIKRKRQQRXRRBRRXRRBR,14.65
GLAFLGFLGAAGSTMGAWSQPKKKRKV,7.45
GLAFLGFLGAAGSTMGAWSQPKKKRKV,5.91
PPRKRPPPRPPRPPRKKKK ,5.2
KRVKXKRVKXKRVK,3.5
NAKTRRHERRRKLAIER,2.43
RHIKIWFQNRRMKWKK,4.14
RQIKIWFQNRRMKWKK,4.22
RQIKIWFQNRRMKWKK,3
KWRRQQKMKWKIRNIF ,6.49
RQIKIWFQNRRMKWKKRXRRBRRXRRBR,16.85
KETWWETWWTEWSQPKKRKV,1.43
PLILLRLLRGQF,1.65
PLIYLRLLRGQF,0
RRRRRRRRRR,5.78
RRRRRRRRRRRR,5.77
RRRRRRRRR,4.24
RRRRRRRR,3.97
PPRPPRPPRPPRPPR,3.07
PPRAPPRAPPRAPPRAPPR ,2.39
PPRKPPRRPPRVPPRKPPR ,3.67
PPRPPRPPRPPRPPRKRVK ,4.95
PLSSIFSRIGDP,0.58
LLIILRRRIRKQAHAHSK,2.59
LLIILRRRIRKQAHAHSK,1.24
LLIILRRRIRKQAHAHSKRXRRBRRXRRBR,16.95
VDKGSYLPRPTPPRPIYNRN,1.39
RRRRRRRRRRRR,10.42
ALWKTLLKKVLKAPKKKRKV,5.18
ALWKTLLKKVLKAPKKKRKV,4.73
KVRWAKAPKLKLKLKTKLVK  ,1.58
VRLPPPVRLPPPVRLPPP,1.72
VELPPPVELPPPVELPPP,0.76
RCRRRRRRCR,5.45
FKIYDKKVRTRVVKH,1.73
RASKRDGSWVKKLHRILE,1.88
KGTYKKKLMRIPLKGT,2.05
LYKKGPAKKGRPPLRGWFH,2.20
RGGRLSYSRRRFSTSTGR,3.88
RKKRRQRRR,5.99
AGYLLGKINLKALCALAKKIC ,0.92
AGYLLGKINLKALAALAKKIL,0.78
MDAQTRRRERRAEKQAQWKAAN,1.36
TAKTRYKARRAELIAERR,2.13
DPKGDPKGVTVTVTVTVTGKGDPKPD,0.80
RRWWRRWRR,3.55
KRARNTEAARRSRARKLQRMKQ,4.18
TRRNKRNRIQEQLNRK,3.26
YTAIAWVKAFIRKLRK,1.48
IAWVKAFIRKLRKGPLG,1.22